"variant_id","gene","gen_position","protein_change","hgvs_c","variant_type","ACMG","phenotype","dbsnp"
"KMT2B_cv_1","KMT2B","chr19-35720473 N>N","p.Lys376del","NM_014727.3:c.1126_1128del","DEL","B","not provided|Dystonia 28, childhood-onset|KMT2B-related disorder","rs199534880"
"KMT2B_cv_2","KMT2B","chr19-35720453 N>N","p.Glu373del","NM_014727.3:c.1108GAA[3]","Microsatellite","LB","not provided|Dystonia 28, childhood-onset|See cases","rs201152143"
"KMT2B_cv_3","KMT2B","chr19-35718020 N>N","p.Ser9fs","NM_014727.2:c.12_24dup","DUP","P","not provided|Dystonia 28, childhood-onset|Inborn genetic diseases|Dystonia 28, childhood-onset;Intellectual developmental disorder, autosomal dominant 68","rs1555727493"
"KMT2B_cv_4","KMT2B","chr19-35720996 N>N","p.Lys553fs","NM_014727.3:c.1656dup","DUP","P","not provided|Dystonia 28, childhood-onset","rs775294431"
"KMT2B_cv_5","KMT2B","chr19-35721614 N>N","p.Gln759_Pro762dup","NM_014727.3:c.2268_2279dup","DUP","LB","not provided|KMT2B-related disorder|Dystonia 28, childhood-onset;Intellectual developmental disorder, autosomal dominant 68|Inborn genetic diseases","rs564202766"
"KMT2B_cv_6","KMT2B","chr19-35721670 N>N","p.Ala775Pro","NM_014727.3:c.2323G>C","SNV","VUS","not provided|Inborn genetic diseases","rs1969217856"
"KMT2B_cv_7","KMT2B","chr19-35732260 N>N","p.Pro1904Leu","NM_014727.3:c.5711C>T","SNV","VUS","not provided|Inborn genetic diseases","rs777489488"
"KMT2B_cv_8","KMT2B","chr19-35728150 N>N","p.Arg1517Gln","NM_014727.3:c.4550G>A","SNV","VUS","not provided|Inborn genetic diseases","rs1000544799"
"KMT2B_cv_9","KMT2B","chr19-35727964 N>N","p.Gln1492His","NM_014727.3:c.4476G>T","SNV","VUS","not provided|Inborn genetic diseases","rs370466290"
"KMT2B_cv_10","KMT2B","chr19-35733468 N>N","p.Ser2307Pro","NM_014727.3:c.6919T>C","SNV","VUS","Dystonia 28, childhood-onset|not provided","rs1410535754"
"KMT2B_cv_11","KMT2B","chr19-35732341 N>N","p.Pro1931Leu","NM_014727.3:c.5792C>T","SNV","LB","not provided|Inborn genetic diseases","rs201672736"
"KMT2B_cv_12","KMT2B","chr19-35733782 N>N","p.Pro2357Ser","NM_014727.3:c.7069C>T","SNV","VUS","KMT2B-related disorder|Inborn genetic diseases|not provided","rs1969817568"
"KMT2B_cv_13","KMT2B","chr19-35721233 N>N","p.Pro629Leu","NM_014727.3:c.1886C>T","SNV","VUS","not provided|Inborn genetic diseases","rs548700728"
"KMT2B_cv_14","KMT2B","chr19-35736963 N>N","p.Arg2450Gln","NM_014727.3:c.7349G>A","SNV","VUS","not provided|Inborn genetic diseases","rs1296301139"
"KMT2B_cv_15","KMT2B","chr19-35732674 N>N","p.Val2042Ala","NM_014727.3:c.6125T>C","SNV","VUS","not provided|Inborn genetic diseases","rs930292802"
"KMT2B_cv_16","KMT2B","chr19-35737219 N>N","p.Pro2502=","NM_014727.3:c.7506G>A","SNV","LB","not provided|Inborn genetic diseases","rs375273504"
"KMT2B_cv_17","KMT2B","chr19-35720571 N>N","p.Pro411fs","NM_014727.3:c.1227_1231dup","DUP","LP","not provided","rs1599669836"
"KMT2B_cv_18","KMT2B","chr19-35719822 N>N","p.Thr159Ser","NM_014727.3:c.475A>T","SNV","VUS","not provided|Inborn genetic diseases","rs761943372"
"KMT2B_cv_19","KMT2B","chr19-35718061 N>N","p.Ser15Pro","NM_014727.3:c.43T>C","SNV","VUS","not provided|Inborn genetic diseases","rs1306123854"
"KMT2B_cv_20","KMT2B","chr19-35732881 N>N","p.Ser2111Leu","NM_014727.3:c.6332C>T","SNV","VUS","Inborn genetic diseases|not provided|KMT2B-related disorder","rs776564345"
"KMT2B_cv_21","KMT2B","chr19-35719994 N>N","p.Pro216Arg","NM_014727.3:c.647C>G","SNV","LB","not provided|Inborn genetic diseases|KMT2B-related disorder","rs200386275"
"KMT2B_cv_22","KMT2B","chr19-35733229 N>N","p.Thr2227Met","NM_014727.3:c.6680C>T","SNV","LB","not provided|Inborn genetic diseases","rs200908859"
"KMT2B_cv_23","KMT2B","chr19-35733367 N>N","p.Arg2273His","NM_014727.3:c.6818G>A","SNV","VUS","Intellectual disability|not provided|Inborn genetic diseases","rs1450121966"
"KMT2B_cv_24","KMT2B","chr19-35725212 N>N","-","NM_014727.2:c.3529-3dup","DUP","LB","not provided|Inborn genetic diseases","rs539483328"
"KMT2B_cv_25","KMT2B","chr19-35727732 N>N","p.Pro1446Leu","NM_014727.3:c.4337C>T","SNV","VUS","Inborn genetic diseases|not provided","rs1161161079"
"KMT2B_cv_26","KMT2B","chr19-35733067 N>N","p.Arg2173Gln","NM_014727.3:c.6518G>A","SNV","VUS","not provided|Inborn genetic diseases|KMT2B-related disorder","rs775118818"
"KMT2B_cv_27","KMT2B","chr19-35718145 N>N","p.Val43Leu","NM_014727.3:c.127G>C","SNV","VUS","not provided|Inborn genetic diseases","rs866302515"
"KMT2B_cv_28","KMT2B","chr19-35731971 N>N","p.Arg1834His","NM_014727.3:c.5501G>A","SNV","LB","not provided|Inborn genetic diseases","rs200461439"
"KMT2B_cv_29","KMT2B","chr19-35721803 N>N","p.Pro819Leu","NM_014727.3:c.2456C>T","SNV","VUS","not provided|Inborn genetic diseases|not specified","rs199638121"
"KMT2B_cv_30","KMT2B","chr19-35730357 N>N","p.Asp1698Asn","NM_014727.3:c.5092G>A","SNV","VUS","not provided","rs374963939"
"DNMT3A_cv_1","DNMT3A","chr2-25282393 N>N","p.Pro166Thr","NM_001320892.2:c.496C>A","SNV","LB","not specified|DNMT3A-related disorder","rs778675092"
"DNMT3A_cv_2","DNMT3A","chr2-25282434 N>N","p.Ser152Phe","NM_001320892.2:c.455C>T","SNV","LB","DNMT3A-related disorder|Tatton-Brown-Rahman overgrowth syndrome","rs773465605"
"DNMT3A_cv_3","DNMT3A","chr2-25282393 N>N","p.Pro166Ala","NM_001320892.2:c.496C>G","SNV","VUS","Inborn genetic diseases|DNMT3A-related disorder","rs778675092"
"DNMT3A_cv_4","DNMT3A","chr2-25282424 N>N","p.Pro155=","NM_001320892.2:c.465A>T","SNV","LB","DNMT3A-related disorder",""
"DNMT3A_cv_5","DNMT3A","chr2-25282391 N>N","p.Pro166=","NM_001320892.2:c.498C>G","SNV","LB","DNMT3A-related disorder",""
"DNMT3A_cv_6","DNMT3A","chr2-25282337 N>N","-","NM_001320892.2:c.*51G>A","SNV","LB","not provided","rs111975910"
"DNMT3A_cv_7","DNMT3A","chr2-25282720 N>N","-","NM_022552.5:c.178-9C>T","SNV","LB","DNMT3A-related disorder","rs371732107"
"DNMT3A_cv_8","DNMT3A","chr2-25300477 N>N","-","NM_022552.5:c.73-234G>C","SNV","LB","not provided","rs7580143"
"DNMT3A_cv_9","DNMT3A","chr2-25313751 N>N","-","NM_022552.5:c.72+162G>A","SNV","LB","not provided","rs75195324"
"DNMT3A_cv_10","DNMT3A","chr2-25313990 N>N","-","NM_001320892.2:c.-6G>A","SNV","LB","not provided","rs148146288"
"DNMT3A_cv_11","DNMT3A","chr2-25282323 N>N","-","NM_175630.1:c.*65G>C","SNV","B","not provided","rs114783583"
"DNMT3A_cv_12","DNMT3A","chr2-25300251 N>N","-","NM_022552.5:c.73-8G>T","SNV","LB","Tatton-Brown-Rahman overgrowth syndrome","rs997637494"
"DNMT3A_cv_13","DNMT3A","chr2-25282717 N>N","-","NM_022552.5:c.178-6T>G","SNV","LB","DNMT3A-related disorder",""
"DNMT3A_cv_14","DNMT3A","chr2-25300261 N>N","-","NM_022552.5:c.73-18C>T","SNV","LB","Tatton-Brown-Rahman overgrowth syndrome","rs769373878"
"DNMT3A_cv_15","DNMT3A","chr2-25313904 N>N","-","NM_022552.5:c.72+9C>T","SNV","LB","not specified|Tatton-Brown-Rahman overgrowth syndrome|DNMT3A-related disorder","rs758596753"
"DNMT3A_cv_16","DNMT3A","chr2-25282720 N>N","-","NM_022552.5:c.178-9C>G","SNV","VUS","not provided","rs371732107"
"DNMT3A_cv_17","DNMT3A","chr2-25299926 N>N","-","NM_022552.5:c.177+213C>T","SNV","B","not provided","rs114974509"
"DNMT3A_cv_18","DNMT3A","chr2-25313903 N>N","-","NM_022552.5:c.72+10G>C","SNV","LB","Tatton-Brown-Rahman overgrowth syndrome","rs370534287"
"DNMT3A_cv_19","DNMT3A","chr2-25313909 N>N","-","NM_022552.5:c.72+4A>G","SNV","VUS","Tatton-Brown-Rahman overgrowth syndrome",""
"DNMT3A_cv_20","DNMT3A","chr2-25299800 N>N","-","NM_022552.5:c.177+339C>T","SNV","LB","not provided","rs144581642"
"DNMT3A_cv_21","DNMT3A","chr2-25313903 N>N","-","NM_022552.5:c.72+10G>A","SNV","B","Tatton-Brown-Rahman overgrowth syndrome|not specified|DNMT3A-related disorder","rs370534287"
"DNMT3A_cv_22","DNMT3A","chr2-25314319 N>N","-","NM_022552.5:c.-177-158G>A","SNV","LB","not provided","rs1018324007"
"DNMT3A_cv_23","DNMT3A","chr2-25300327 N>N","-","NM_022552.5:c.73-84A>G","SNV","B","not provided","rs7596387"
"DNMT3A_cv_24","DNMT3A","chr2-25282718 N>N","-","NM_022552.5:c.178-7T>G","SNV","VUS","Tatton-Brown-Rahman overgrowth syndrome",""
"DNMT3A_cv_25","DNMT3A","chr2-25283011 N>N","-","NM_022552.5:c.178-300G>A","SNV","LB","not provided","rs7586220"
"DNMT3A_cv_26","DNMT3A","chr2-25282924 N>N","-","NM_022552.5:c.178-213A>G","SNV","B","not provided","rs72810068"
"DNMT3A_cv_27","DNMT3A","chr2-25300132 N>N","-","NM_022552.5:c.177+7G>T","SNV","LB","DNMT3A-related disorder",""
"DNMT3A_cv_28","DNMT3A","chr2-25300129 N>N","-","NM_022552.5:c.177+10A>G","SNV","LB","Tatton-Brown-Rahman overgrowth syndrome","rs938731024"
"DNMT3A_cv_29","DNMT3A","chr2-25282401 N>N","p.Thr163Asn","NM_001320892.2:c.488C>A","SNV","VUS","not provided","rs1220450373"
"DNMT3A_cv_30","DNMT3A","chr2-25282440 N>N","p.Gly150Asp","NM_001320892.2:c.449G>A","SNV","LP","not provided","rs2031953051"
"DNMT3B_cv_1","DNMT3B","chr20-32799235 N>N","-","NM_006892.4:c.1675-9del","DEL","LB","Centromeric instability of chromosomes 1,9 and 16 and immunodeficiency","rs1471838557"
"DNMT3B_cv_2","DNMT3B","chr20-32791713 N>N","-","NM_001207055.2:c.795+5C>A","SNV","VUS","Centromeric instability of chromosomes 1,9 and 16 and immunodeficiency","rs774043887"
"DNMT3B_cv_3","DNMT3B","chr20-32762442 N>N","-","NM_001207055.2:c.-264C>T","SNV","VUS","Immunodeficiency-centromeric instability-facial anomalies syndrome 1","rs1365103113"
"DNMT3B_cv_4","DNMT3B","chr20-32762472 N>N","-","NM_001207055.2:c.-234G>C","SNV","VUS","Immunodeficiency-centromeric instability-facial anomalies syndrome 1","rs756914098"
"DNMT3B_cv_5","DNMT3B","chr20-32784877 N>N","-","NM_006892.4:c.306+18G>A","SNV","LB","Centromeric instability of chromosomes 1,9 and 16 and immunodeficiency","rs41289866"
"DNMT3B_cv_6","DNMT3B","chr20-32797172 N>N","-","NM_006892.4:c.1378-15C>T","SNV","LB","Centromeric instability of chromosomes 1,9 and 16 and immunodeficiency","rs2515609244"
"DNMT3B_cv_7","DNMT3B","chr20-32791597 N>N","-","NM_006892.4:c.814-4T>C","SNV","LB","Centromeric instability of chromosomes 1,9 and 16 and immunodeficiency","rs2145976007"
"DNMT3B_cv_8","DNMT3B","chr20-32786639 N>N","-","NM_006892.4:c.432+12A>C","SNV","LB","Centromeric instability of chromosomes 1,9 and 16 and immunodeficiency","rs1568838805"
"DNMT3B_cv_9","DNMT3B","chr20-32796774 N>N","-","NM_006892.4:c.1298-16C>G","SNV","LB","Centromeric instability of chromosomes 1,9 and 16 and immunodeficiency","rs762553715"
"DNMT3B_cv_10","DNMT3B","chr20-32800304 N>N","-","NM_006892.4:c.1905+6G>A","SNV","VUS","Centromeric instability of chromosomes 1,9 and 16 and immunodeficiency","rs774018990"
"DNMT3B_cv_11","DNMT3B","chr20-32787210 N>N","-","NM_006892.4:c.433-20A>G","SNV","LB","Centromeric instability of chromosomes 1,9 and 16 and immunodeficiency","rs759742892"
"DNMT3B_cv_12","DNMT3B","chr20-32802475 N>N","-","NM_006892.4:c.2231+5C>T","SNV","VUS","Centromeric instability of chromosomes 1,9 and 16 and immunodeficiency","rs376502234"
"DNMT3B_cv_13","DNMT3B","chr20-32791598 N>N","-","NM_006892.4:c.814-3T>C","SNV","VUS","Centromeric instability of chromosomes 1,9 and 16 and immunodeficiency","rs746999702"
"DNMT3B_cv_14","DNMT3B","chr20-32795540 N>N","-","NM_006892.4:c.1252+6T>G","SNV","VUS","Centromeric instability of chromosomes 1,9 and 16 and immunodeficiency","rs759270839"
"DNMT3B_cv_15","DNMT3B","chr20-32787467 N>N","-","NM_006892.4:c.654+16G>C","SNV","LB","Centromeric instability of chromosomes 1,9 and 16 and immunodeficiency","rs764897312"
"DNMT3B_cv_16","DNMT3B","chr20-32798456 N>N","-","NM_006892.4:c.1491-4C>T","SNV","LB","Centromeric instability of chromosomes 1,9 and 16 and immunodeficiency","rs781292648"
"DNMT3B_cv_17","DNMT3B","chr20-32781331 N>N","-","NM_006892.4:c.143-22del","DEL","B","Centromeric instability of chromosomes 1,9 and 16 and immunodeficiency","rs3835238"
"DNMT3B_cv_18","DNMT3B","chr20-32780469 N>N","-","NM_006892.4:c.142+4G>T","SNV","VUS","Centromeric instability of chromosomes 1,9 and 16 and immunodeficiency|not specified","rs748967232"
"DNMT3B_cv_19","DNMT3B","chr20-32762543 N>N","-","NM_006892.3:c.-163A>C","SNV","VUS","Immunodeficiency-centromeric instability-facial anomalies syndrome 1","rs545638472"
"DNMT3B_cv_20","DNMT3B","chr20-32787220 N>N","-","NM_006892.4:c.433-10C>T","SNV","LB","Centromeric instability of chromosomes 1,9 and 16 and immunodeficiency","rs371656670"
"DNMT3B_cv_21","DNMT3B","chr20-32800136 N>N","-","NM_006892.4:c.1760-17C>T","SNV","B","Centromeric instability of chromosomes 1,9 and 16 and immunodeficiency|not provided","rs76661393"
"DNMT3B_cv_22","DNMT3B","chr20-32795697 N>N","-","NM_006892.4:c.1297+3A>G","SNV","VUS","Centromeric instability of chromosomes 1,9 and 16 and immunodeficiency","rs2515597052"
"DNMT3B_cv_23","DNMT3B","chr20-32788846 N>N","-","NM_006892.4:c.655-8T>C","SNV","LB","Centromeric instability of chromosomes 1,9 and 16 and immunodeficiency","rs2515535337"
"DNMT3B_cv_24","DNMT3B","chr20-32807755 N>N","-","NM_006892.4:c.2421-7C>T","SNV","LB","Centromeric instability of chromosomes 1,9 and 16 and immunodeficiency","rs1288741575"
"DNMT3B_cv_25","DNMT3B","chr20-32762439 N>N","-","NM_006892.3:c.-267C>A","SNV","VUS","Immunodeficiency-centromeric instability-facial anomalies syndrome 1","rs751398063"
"DNMT3B_cv_26","DNMT3B","chr20-32762685 N>N","-","NM_006892.3:c.-21C>T","SNV","VUS","Immunodeficiency-centromeric instability-facial anomalies syndrome 1","rs542835821"
"DNMT3B_cv_27","DNMT3B","chr20-32808004 N>N","-","NM_001207055.2:c.*101G>A","SNV","VUS","Immunodeficiency-centromeric instability-facial anomalies syndrome 1","rs576264538"
"DNMT3B_cv_28","DNMT3B","chr20-32806188 N>N","-","NM_006892.4:c.2302-21_2302-20delinsGA","Indel","VUS","Centromeric instability of chromosomes 1,9 and 16 and immunodeficiency","rs2515681293"
"DNMT3B_cv_29","DNMT3B","chr20-32802378 N>N","-","NM_006892.4:c.2146-7C>T","SNV","LB","Centromeric instability of chromosomes 1,9 and 16 and immunodeficiency","rs2146060670"
"DNMT3B_cv_30","DNMT3B","chr20-32800941 N>N","-","NM_006892.4:c.1996+16T>C","SNV","LB","Centromeric instability of chromosomes 1,9 and 16 and immunodeficiency","rs1981261652"
