"variant_id","gen_position","protein_change","hgvs_c","variant_type","ACMG","phenotype","dbsnp"
"cv_1","chr19-35720473 N>N","p.Lys376del","NM_014727.3:c.1126_1128del","DEL","B","not provided|Dystonia 28, childhood-onset|KMT2B-related disorder","rs199534880"
"cv_2","chr19-35720453 N>N","p.Glu373del","NM_014727.3:c.1108GAA[3]","Microsatellite","LB","not provided|Dystonia 28, childhood-onset|See cases","rs201152143"
"cv_3","chr19-35718020 N>N","p.Ser9fs","NM_014727.2:c.12_24dup","DUP","P","not provided|Dystonia 28, childhood-onset|Inborn genetic diseases|Dystonia 28, childhood-onset;Intellectual developmental disorder, autosomal dominant 68","rs1555727493"
"cv_4","chr19-35720996 N>N","p.Lys553fs","NM_014727.3:c.1656dup","DUP","P","not provided|Dystonia 28, childhood-onset","rs775294431"
"cv_5","chr19-35721614 N>N","p.Gln759_Pro762dup","NM_014727.3:c.2268_2279dup","DUP","LB","not provided|KMT2B-related disorder|Dystonia 28, childhood-onset;Intellectual developmental disorder, autosomal dominant 68|Inborn genetic diseases","rs564202766"
"cv_6","chr19-35721670 N>N","p.Ala775Pro","NM_014727.3:c.2323G>C","SNV","VUS","not provided|Inborn genetic diseases","rs1969217856"
"cv_7","chr19-35732260 N>N","p.Pro1904Leu","NM_014727.3:c.5711C>T","SNV","VUS","not provided|Inborn genetic diseases","rs777489488"
"cv_8","chr19-35728150 N>N","p.Arg1517Gln","NM_014727.3:c.4550G>A","SNV","VUS","not provided|Inborn genetic diseases","rs1000544799"
"cv_9","chr19-35727964 N>N","p.Gln1492His","NM_014727.3:c.4476G>T","SNV","VUS","not provided|Inborn genetic diseases","rs370466290"
"cv_10","chr19-35733468 N>N","p.Ser2307Pro","NM_014727.3:c.6919T>C","SNV","VUS","Dystonia 28, childhood-onset|not provided","rs1410535754"
"cv_11","chr19-35732341 N>N","p.Pro1931Leu","NM_014727.3:c.5792C>T","SNV","LB","not provided|Inborn genetic diseases","rs201672736"
"cv_12","chr19-35733782 N>N","p.Pro2357Ser","NM_014727.3:c.7069C>T","SNV","VUS","KMT2B-related disorder|Inborn genetic diseases|not provided","rs1969817568"
"cv_13","chr19-35721233 N>N","p.Pro629Leu","NM_014727.3:c.1886C>T","SNV","VUS","not provided|Inborn genetic diseases","rs548700728"
"cv_14","chr19-35736963 N>N","p.Arg2450Gln","NM_014727.3:c.7349G>A","SNV","VUS","not provided|Inborn genetic diseases","rs1296301139"
"cv_15","chr19-35732674 N>N","p.Val2042Ala","NM_014727.3:c.6125T>C","SNV","VUS","not provided|Inborn genetic diseases","rs930292802"
"cv_16","chr19-35737219 N>N","p.Pro2502=","NM_014727.3:c.7506G>A","SNV","LB","not provided|Inborn genetic diseases","rs375273504"
"cv_17","chr19-35720571 N>N","p.Pro411fs","NM_014727.3:c.1227_1231dup","DUP","LP","not provided","rs1599669836"
"cv_18","chr19-35719822 N>N","p.Thr159Ser","NM_014727.3:c.475A>T","SNV","VUS","not provided|Inborn genetic diseases","rs761943372"
"cv_19","chr19-35718061 N>N","p.Ser15Pro","NM_014727.3:c.43T>C","SNV","VUS","not provided|Inborn genetic diseases","rs1306123854"
"cv_20","chr19-35732881 N>N","p.Ser2111Leu","NM_014727.3:c.6332C>T","SNV","VUS","Inborn genetic diseases|not provided|KMT2B-related disorder","rs776564345"
"cv_21","chr19-35719994 N>N","p.Pro216Arg","NM_014727.3:c.647C>G","SNV","LB","not provided|Inborn genetic diseases|KMT2B-related disorder","rs200386275"
"cv_22","chr19-35733229 N>N","p.Thr2227Met","NM_014727.3:c.6680C>T","SNV","LB","not provided|Inborn genetic diseases","rs200908859"
"cv_23","chr19-35733367 N>N","p.Arg2273His","NM_014727.3:c.6818G>A","SNV","VUS","Intellectual disability|not provided|Inborn genetic diseases","rs1450121966"
"cv_24","chr19-35725212 N>N","-","NM_014727.2:c.3529-3dup","DUP","LB","not provided|Inborn genetic diseases","rs539483328"
"cv_25","chr19-35727732 N>N","p.Pro1446Leu","NM_014727.3:c.4337C>T","SNV","VUS","Inborn genetic diseases|not provided","rs1161161079"
"cv_26","chr19-35733067 N>N","p.Arg2173Gln","NM_014727.3:c.6518G>A","SNV","VUS","not provided|Inborn genetic diseases|KMT2B-related disorder","rs775118818"
"cv_27","chr19-35718145 N>N","p.Val43Leu","NM_014727.3:c.127G>C","SNV","VUS","not provided|Inborn genetic diseases","rs866302515"
"cv_28","chr19-35731971 N>N","p.Arg1834His","NM_014727.3:c.5501G>A","SNV","LB","not provided|Inborn genetic diseases","rs200461439"
"cv_29","chr19-35721803 N>N","p.Pro819Leu","NM_014727.3:c.2456C>T","SNV","VUS","not provided|Inborn genetic diseases|not specified","rs199638121"
"cv_30","chr19-35730357 N>N","p.Asp1698Asn","NM_014727.3:c.5092G>A","SNV","VUS","not provided","rs374963939"
"cv_31","chr19-35718136 N>N","p.Ala40Thr","NM_014727.3:c.118G>A","SNV","VUS","not provided|Inborn genetic diseases","rs992191926"
"cv_32","chr19-35723118 N>N","p.Pro949Leu","NM_014727.3:c.2846C>T","SNV","VUS","KMT2B-related disorder|Inborn genetic diseases|not provided","rs760121092"
"cv_33","chr19-35727758 N>N","p.Arg1455Cys","NM_014727.3:c.4363C>T","SNV","VUS","Inborn genetic diseases|not provided","rs1555731093"
"cv_34","chr19-35727561 N>N","p.Arg1414His","NM_014727.3:c.4241G>A","SNV","VUS","Inborn genetic diseases|not provided","rs762074423"
"cv_35","chr19-35727474 N>N","p.Ser1385Leu","NM_014727.3:c.4154C>T","SNV","VUS","Dystonia 28, childhood-onset|not provided","rs1969505297"
"cv_36","chr19-35732545 N>N","p.Gly1999Glu","NM_014727.3:c.5996G>A","SNV","VUS","Inborn genetic diseases|not provided|KMT2B-related disorder","rs1223543367"
"cv_37","chr19-35726255 N>N","p.Arg1302His","NM_014727.3:c.3905G>A","SNV","VUS","not provided|Inborn genetic diseases","rs771289674"
"cv_38","chr19-35723812 N>N","p.Ala1049fs","NM_014727.3:c.3145dup","DUP","P","Inborn genetic diseases|not provided","rs1969316263"
"cv_39","chr19-35738346 N>N","p.Asn2646Ser","NM_014727.3:c.7937A>G","SNV","VUS","Inborn genetic diseases|not provided","rs2513370294"
"cv_40","chr19-35728850 N>N","p.Thr1550Ala","NM_014727.3:c.4648A>G","SNV","VUS","not provided|Inborn genetic diseases","rs1374195042"
"cv_41","chr19-35723863 N>N","p.Pro1064Thr","NM_014727.3:c.3190C>A","SNV","VUS","Dystonia 28, childhood-onset|not provided|Inborn genetic diseases|not specified","rs1350666277"
"cv_42","chr19-35724681 N>N","p.Pro1127Ala","NM_014727.3:c.3379C>G","SNV","LB","not provided|Inborn genetic diseases","rs61746997"
"cv_43","chr19-35732530 N>N","p.Ala1994Val","NM_014727.3:c.5981C>T","SNV","VUS","not provided|Inborn genetic diseases","rs546000224"
"cv_44","chr19-35737141 N>N","p.Ala2476=","NM_014727.3:c.7428C>A","SNV","LB","not provided|Inborn genetic diseases","rs368560676"
"cv_45","chr19-35725295 N>N","p.Met1202Val","NM_014727.3:c.3604A>G","SNV","VUS","not provided|Inborn genetic diseases","rs755470297"
"cv_46","chr19-35722390 N>N","p.Ala830Asp","NM_014727.3:c.2489C>A","SNV","LB","not provided|Inborn genetic diseases|KMT2B-related disorder","rs201691099"
"cv_47","chr19-35719994 N>N","p.Pro216His","NM_014727.3:c.647C>A","SNV","LB","not provided|Inborn genetic diseases","rs200386275"
"cv_48","chr19-35720650 N>N","p.Pro435Ala","NM_014727.3:c.1303C>G","SNV","LB","not provided|Inborn genetic diseases","rs748073369"
"cv_49","chr19-35721136 N>N","p.Pro597Thr","NM_014727.3:c.1789C>A","SNV","VUS","not provided|Inborn genetic diseases","rs920292369"
"cv_50","chr19-35732750 N>N","p.Gly2067=","NM_014727.3:c.6201C>T","SNV","LB","not provided|Inborn genetic diseases|Malignant tumor of urinary bladder","rs191770935"
"cv_51","chr19-35720443 N>N","p.Glu366Lys","NM_014727.3:c.1096G>A","SNV","LB","not provided|Inborn genetic diseases|KMT2B-related disorder","rs186777199"
"cv_52","chr19-35733298 N>N","p.Arg2250His","NM_014727.3:c.6749G>A","SNV","VUS","Intellectual disability|Inborn genetic diseases","rs775887663"
"cv_53","chr19-35720504 N>N","p.Val386Ala","NM_014727.3:c.1157T>C","SNV","LB","Intellectual disability|not provided|Inborn genetic diseases","rs374075740"
"cv_54","chr19-35720636 N>N","p.Pro430Leu","NM_014727.3:c.1289C>T","SNV","VUS","not provided|Inborn genetic diseases","rs1969153069"
"cv_55","chr19-35721515 N>N","p.Gly723Glu","NM_014727.3:c.2168G>A","SNV","VUS","not provided|Inborn genetic diseases",""
"cv_56","chr19-35724655 N>N","p.Pro1118Leu","NM_014727.3:c.3353C>T","SNV","VUS","not provided|Inborn genetic diseases","rs369558462"
"cv_57","chr19-35719503 N>N","p.Ala133Val","NM_014727.3:c.398C>T","SNV","VUS","not provided|Inborn genetic diseases|Dystonia 28, childhood-onset|Dystonia 28, childhood-onset;Intellectual developmental disorder, autosomal dominant 68","rs202048028"
"cv_58","chr19-35723143 N>N","p.His957=","NM_014727.3:c.2871C>T","SNV","LB","not provided|Inborn genetic diseases","rs200235630"
"cv_59","chr19-35721602 N>N","p.Ala752Glu","NM_014727.3:c.2255C>A","SNV","VUS","Inborn genetic diseases|not provided","rs1198802588"
"cv_60","chr19-35727941 N>N","p.Pro1485Ala","NM_014727.3:c.4453C>G","SNV","VUS","Inborn genetic diseases|not provided","rs1407836135"
"cv_61","chr19-35720782 N>N","p.Arg479Trp","NM_014727.3:c.1435C>T","SNV","VUS","Inborn genetic diseases|not provided","rs753528166"
"cv_62","chr19-35730588 N>N","p.Glu1750Lys","NM_014727.3:c.5248G>A","SNV","VUS","not provided|Inborn genetic diseases","rs1331677016"
"cv_63","chr19-35722652 N>N","p.Val886Leu","NM_014727.3:c.2656G>T","SNV","VUS","not provided|Inborn genetic diseases",""
"cv_64","chr19-35725792 N>N","p.Arg1287Trp","NM_014727.3:c.3859C>T","SNV","VUS","Inborn genetic diseases|not provided","rs765981100"
"cv_65","chr19-35720390 N>N","p.Gln348Pro","NM_014727.3:c.1043A>C","SNV","LB","not provided|Inborn genetic diseases|KMT2B-related disorder","rs182258483"
"cv_66","chr19-35730865 N>N","p.Ser1812Leu","NM_014727.3:c.5435C>T","SNV","VUS","not provided|Inborn genetic diseases","rs200571590"
"cv_67","chr19-35720722 N>N","p.Pro459Ser","NM_014727.3:c.1375C>T","SNV","LB","not provided|KMT2B-related disorder|Inborn genetic diseases","rs574808075"
"cv_68","chr19-35733309 N>N","p.Pro2254Thr","NM_014727.3:c.6760C>A","SNV","VUS","not provided|not specified|Inborn genetic diseases","rs763536557"
"cv_69","chr19-35727763 N>N","p.Phe1456=","NM_014727.3:c.4368C>T","SNV","LB","not provided|Inborn genetic diseases|not specified","rs201875104"
"cv_70","chr19-35723879 N>N","p.Ser1069Cys","NM_014727.3:c.3206C>G","SNV","VUS","Dystonia 28, childhood-onset|not provided|Inborn genetic diseases","rs748861506"
"cv_71","chr19-35721175 N>N","p.Arg610Cys","NM_014727.3:c.1828C>T","SNV","VUS","not provided|Inborn genetic diseases","rs911830364"
"cv_72","chr19-35718023 N>N","p.Ser9fs","NM_014727.3:c.15_24dup","DUP","P","not provided|Dystonia 28, childhood-onset|Intellectual developmental disorder, autosomal dominant 68","rs1599665134"
"cv_73","chr19-35722356 N>N","-","NM_014727.3:c.2458-3C>T","SNV","VUS","Inborn genetic diseases","rs2513320920"
"cv_74","chr19-35732797 N>N","p.Thr2083Met","NM_014727.2:c.6248C>T","SNV","VUS","not specified|Inborn genetic diseases|See cases|not provided","rs768089106"
"cv_75","chr19-35718099 N>N","p.Gly32_Arg33insGlyGly","NM_014727.2:c.85_90GGGGGC[3]","Microsatellite","VUS","not provided","rs1275530480"
"cv_76","chr19-35730625 N>N","-","NM_014727.3:c.5276+9T>C","SNV","VUS","not provided","rs558869980"
"cv_77","chr19-35730623 N>N","-","NM_014727.3:c.5276+7G>A","SNV","LB","not provided|KMT2B-related disorder","rs764651237"
"cv_78","chr19-35733438 N>N","p.Arg2299fs","NM_014727.3:c.6895dup","DUP","P","not provided","rs1568382485"
"cv_79","chr19-35720551 N>N","p.Pro402fs","NM_014727.3:c.1205del","DEL","LP","Dystonia 28, childhood-onset","rs1969146161"
"cv_80","chr19-35718223 N>N","p.Arg69Cys","NM_014727.3:c.205C>T","SNV","VUS","not provided|KMT2B-related disorder|Inborn genetic diseases","rs1002271723"
"cv_81","chr19-35737698 N>N","p.Thr2539fs","NM_014727.3:c.7614del","DEL","P","Dystonia 28, childhood-onset","rs2146481256"
"cv_82","chr19-35732847 N>N","p.Asp2101fs","NM_014727.3:c.6301del","DEL","LP","not provided","rs2513352916"
"cv_83","chr19-35738293 N>N","p.Tyr2629fs","NM_014727.3:c.7884del","DEL","LP","See cases","rs2513370231"
"cv_84","chr19-35726356 N>N","-","NM_014727.2:c.4003+3G>A","SNV","LB","not provided","rs199987901"
"cv_85","chr19-35730332 N>N","-","NM_014727.3:c.5077-10C>A","SNV","B","not provided","rs1300012718"
"cv_86","chr19-35724631 N>N","-","NM_014727.2:c.3335-6del","DEL","LB","not provided","rs11348412"
"cv_87","chr19-35723993 N>N","p.Arg1109fs","NM_014727.3:c.3325del","DEL","LP","not provided","rs1555729827"
"cv_88","chr19-35723207 N>N","p.Ser980fs","NM_014727.3:c.2937del","DEL","P","Intellectual developmental disorder, autosomal dominant 68","rs2513323502"
"cv_89","chr19-35730375 N>N","p.Arg1705fs","NM_014727.3:c.5111dup","DUP","P","Intellectual developmental disorder, autosomal dominant 68","rs2513345836"
"cv_90","chr19-35718133 N>N","p.Ala40fs","NM_014727.3:c.118del","DEL","P","Dystonia 28, childhood-onset","rs1969024891"
"cv_91","chr19-35725282 N>N","p.Met1202fs","NM_014727.3:c.3596dup","DUP","P","Dystonia 28, childhood-onset","rs2513330332"
"cv_92","chr19-35727695 N>N","-","NM_014727.2:c.4303-3C>T","SNV","LB","not specified","rs959046431"
"cv_93","chr19-35738561 N>N","-","NM_014727.2:c.*4C>T","SNV","LB","KMT2B-related disorder","rs200375413"
"cv_94","chr19-35728774 N>N","p.Asn1524=","NM_014727.3:c.4572C>T","SNV","VUS","Inborn genetic diseases|not provided","rs372049345"
"cv_95","chr19-35727496 N>N","p.Pro1392=","NM_014727.3:c.4176G>A","SNV","LB","not provided|KMT2B-related disorder","rs374868218"
"cv_96","chr19-35721684 N>N","p.Gly779=","NM_014727.3:c.2337C>T","SNV","LB","not provided|KMT2B-related disorder","rs376705547"
"cv_97","chr19-35728127 N>N","p.Asp1509=","NM_014727.3:c.4527C>T","SNV","B","not provided|KMT2B-related disorder","rs779008537"
"cv_98","chr19-35733107 N>N","p.Pro2186=","NM_014727.3:c.6558C>T","SNV","LB","not provided","rs777573810"
"cv_99","chr19-35729173 N>N","p.Leu1598=","NM_014727.3:c.4794C>T","SNV","LB","not provided|not specified","rs371880047"
"cv_100","chr19-35738491 N>N","p.Ile2694=","NM_014727.3:c.8082C>T","SNV","LB","not provided","rs774495941"
